generated_at_utc,mode,telemetry_source,events_total,changed_events,unchanged_events,luna_calls,terra_calls,sol_calls,estimated_input_tokens,estimated_output_tokens,estimated_cost_usd,projected_calls_per_day_if_all_changed,projected_cost_per_day_if_all_changed_usd,pricing_as_of
2026-09-17T22:26:04.845558+00:00,DRY_RUN_NO_NETWORK,legacy_unspecified,6,6,0,4,1,1,4218,2300,0.027301,36,0.163806,2026-09-17
2026-09-17T22:29:42.848958+00:00,DRY_RUN_NO_NETWORK,legacy_unspecified,6,6,0,4,1,1,4221,2300,0.027305,36,0.163832,2026-09-17
2026-09-17T22:35:32.766943+00:00,DRY_RUN_NO_NETWORK,,6,0,6,0,0,0,0,0,0.000000,36,0.163832,2026-09-17
2026-09-17T22:35:53.664228+00:00,DRY_RUN_NO_NETWORK,local_manual,6,0,6,0,0,0,0,0,0.000000,36,0.163832,2026-09-17
2026-09-17T23:54:12.700448+00:00,DRY_RUN_NO_NETWORK,schedule,6,0,6,0,0,0,0,0,0.000000,36,0.163832,2026-09-17
2026-09-17T23:56:16.871904+00:00,DRY_RUN_NO_NETWORK,push,6,0,6,0,0,0,0,0,0.000000,36,0.163832,2026-09-17
2026-09-17T23:58:53.923677+00:00,DRY_RUN_NO_NETWORK,push,6,0,6,0,0,0,0,0,0.000000,36,0.163832,2026-09-17
2026-09-18T00:04:59.404835+00:00,DRY_RUN_NO_NETWORK,push,6,0,6,0,0,0,0,0,0.000000,36,0.163832,2026-09-17
2026-09-18T00:10:42.850157+00:00,DRY_RUN_NO_NETWORK,push,6,0,6,0,0,0,0,0,0.000000,36,0.163832,2026-09-17
2026-09-18T00:31:00.987576+00:00,DRY_RUN_NO_NETWORK,push,6,0,6,0,0,0,0,0,0.000000,36,0.163832,2026-09-17
2026-09-18T00:31:46.251231+00:00,DRY_RUN_NO_NETWORK,push,6,0,6,0,0,0,0,0,0.000000,36,0.163832,2026-09-17
2026-09-18T00:36:37.679819+00:00,DRY_RUN_NO_NETWORK,push,6,0,6,0,0,0,0,0,0.000000,36,0.163832,2026-09-17
2026-09-18T00:37:45.091108+00:00,DRY_RUN_NO_NETWORK,push,6,0,6,0,0,0,0,0,0.000000,36,0.163832,2026-09-17
2026-09-18T00:42:11.313681+00:00,DRY_RUN_NO_NETWORK,push,6,0,6,0,0,0,0,0,0.000000,36,0.163832,2026-09-17
2026-09-18T00:46:19.924566+00:00,DRY_RUN_NO_NETWORK,push,6,0,6,0,0,0,0,0,0.000000,36,0.163832,2026-09-17
2026-09-18T00:48:53.845889+00:00,DRY_RUN_NO_NETWORK,push,6,0,6,0,0,0,0,0,0.000000,36,0.163832,2026-09-17
2026-09-18T00:50:12.712171+00:00,DRY_RUN_NO_NETWORK,push,6,0,6,0,0,0,0,0,0.000000,36,0.163832,2026-09-17
2026-09-18T00:50:46.582747+00:00,DRY_RUN_NO_NETWORK,push,6,0,6,0,0,0,0,0,0.000000,36,0.163832,2026-09-17
2026-09-18T01:10:47.414264+00:00,DRY_RUN_NO_NETWORK,push,6,0,6,0,0,0,0,0,0.000000,36,0.163832,2026-09-17
2026-09-18T01:13:53.994026+00:00,DRY_RUN_NO_NETWORK,push,6,0,6,0,0,0,0,0,0.000000,36,0.163832,2026-09-17
2026-09-18T01:31:28.141684+00:00,DRY_RUN_NO_NETWORK,push,6,0,6,0,0,0,0,0,0.000000,36,0.163832,2026-09-17
2026-09-18T01:43:59.324804+00:00,DRY_RUN_NO_NETWORK,push,6,0,6,0,0,0,0,0,0.000000,36,0.163832,2026-09-17
2026-09-18T02:17:21.020213+00:00,DRY_RUN_NO_NETWORK,push,6,0,6,0,0,0,0,0,0.000000,36,0.163832,2026-09-17
2026-09-18T04:02:19.373457+00:00,DRY_RUN_NO_NETWORK,push,6,0,6,0,0,0,0,0,0.000000,36,0.163832,2026-09-17
2026-09-18T05:31:04.844235+00:00,DRY_RUN_NO_NETWORK,schedule,6,0,6,0,0,0,0,0,0.000000,36,0.163832,2026-09-17
2026-09-18T08:36:39.321591+00:00,DRY_RUN_NO_NETWORK,push,6,0,6,0,0,0,0,0,0.000000,36,0.163832,2026-09-17
2026-09-18T09:08:52.663034+00:00,DRY_RUN_NO_NETWORK,push,6,0,6,0,0,0,0,0,0.000000,36,0.163832,2026-09-17
2026-09-18T09:10:00.885265+00:00,DRY_RUN_NO_NETWORK,push,6,0,6,0,0,0,0,0,0.000000,36,0.163832,2026-09-17
2026-09-18T09:14:42.230049+00:00,DRY_RUN_NO_NETWORK,push,6,0,6,0,0,0,0,0,0.000000,36,0.163832,2026-09-17
2026-09-19T00:09:39.605487+00:00,DRY_RUN_NO_NETWORK,push,6,0,6,0,0,0,0,0,0.000000,36,0.163832,2026-09-17
2026-09-19T01:10:37.740666+00:00,DRY_RUN_NO_NETWORK,schedule,6,0,6,0,0,0,0,0,0.000000,36,0.163832,2026-09-17
2026-09-19T08:56:31.409070+00:00,DRY_RUN_NO_NETWORK,schedule,6,0,6,0,0,0,0,0,0.000000,36,0.163832,2026-09-17
2026-09-19T18:08:26.208855+00:00,DRY_RUN_NO_NETWORK,push,6,0,6,0,0,0,0,0,0.000000,36,0.163832,2026-09-17
2026-09-19T18:11:45.260307+00:00,DRY_RUN_NO_NETWORK,push,6,0,6,0,0,0,0,0,0.000000,36,0.163832,2026-09-17
2026-09-19T18:16:17.526740+00:00,DRY_RUN_NO_NETWORK,push,6,0,6,0,0,0,0,0,0.000000,36,0.163832,2026-09-17
2026-09-19T18:20:41.838670+00:00,DRY_RUN_NO_NETWORK,push,6,0,6,0,0,0,0,0,0.000000,36,0.163832,2026-09-17
2026-09-19T18:25:19.327694+00:00,DRY_RUN_NO_NETWORK,push,6,0,6,0,0,0,0,0,0.000000,36,0.163832,2026-09-17
2026-09-19T19:35:27.460382+00:00,DRY_RUN_NO_NETWORK,push,6,0,6,0,0,0,0,0,0.000000,36,0.163832,2026-09-17
2026-09-20T06:19:51.746639+00:00,DRY_RUN_NO_NETWORK,push,6,0,6,0,0,0,0,0,0.000000,36,0.163832,2026-09-17
2026-09-20T06:36:46.932844+00:00,DRY_RUN_NO_NETWORK,push,6,0,6,0,0,0,0,0,0.000000,36,0.163832,2026-09-17
2026-09-20T09:25:44.227584+00:00,DRY_RUN_NO_NETWORK,schedule,6,0,6,0,0,0,0,0,0.000000,36,0.163832,2026-09-17
2026-09-20T17:38:43.483933+00:00,DRY_RUN_NO_NETWORK,push,6,0,6,0,0,0,0,0,0.000000,36,0.163832,2026-09-17
2026-09-20T18:12:19.760880+00:00,DRY_RUN_NO_NETWORK,push,6,0,6,0,0,0,0,0,0.000000,36,0.163832,2026-09-17
2026-09-20T18:56:26.018833+00:00,DRY_RUN_NO_NETWORK,push,6,0,6,0,0,0,0,0,0.000000,36,0.163832,2026-09-17
2026-09-21T10:10:25.307668+00:00,DRY_RUN_NO_NETWORK,schedule,6,0,6,0,0,0,0,0,0.000000,36,0.163832,2026-09-17
2026-09-21T19:20:11.617574+00:00,DRY_RUN_NO_NETWORK,schedule,6,0,6,0,0,0,0,0,0.000000,36,0.163832,2026-09-17
2026-09-21T22:36:02.194720+00:00,DRY_RUN_NO_NETWORK,schedule,6,0,6,0,0,0,0,0,0.000000,36,0.163832,2026-09-17
2026-09-22T09:27:16.447246+00:00,DRY_RUN_NO_NETWORK,schedule,6,0,6,0,0,0,0,0,0.000000,36,0.163832,2026-09-17
2026-09-23T01:03:22.441856+00:00,DRY_RUN_NO_NETWORK,push,6,0,6,0,0,0,0,0,0.000000,36,0.163832,2026-09-17
2026-09-23T09:29:38.627064+00:00,DRY_RUN_NO_NETWORK,schedule,6,0,6,0,0,0,0,0,0.000000,36,0.163832,2026-09-17
2026-09-23T16:58:32.490389+00:00,DRY_RUN_NO_NETWORK,push,6,0,6,0,0,0,0,0,0.000000,36,0.163832,2026-09-17
2026-09-23T17:59:42.846153+00:00,DRY_RUN_NO_NETWORK,push,6,0,6,0,0,0,0,0,0.000000,36,0.163832,2026-09-17
2026-09-23T19:35:05.057848+00:00,DRY_RUN_NO_NETWORK,push,6,0,6,0,0,0,0,0,0.000000,36,0.163832,2026-09-17
2026-09-23T21:58:07.201485+00:00,DRY_RUN_NO_NETWORK,push,6,0,6,0,0,0,0,0,0.000000,36,0.163832,2026-09-17
2026-09-23T22:03:57.922740+00:00,DRY_RUN_NO_NETWORK,push,6,0,6,0,0,0,0,0,0.000000,36,0.163832,2026-09-17
2026-09-23T22:12:33.158988+00:00,DRY_RUN_NO_NETWORK,push,6,0,6,0,0,0,0,0,0.000000,36,0.163832,2026-09-17
2026-09-24T00:34:31.596868+00:00,DRY_RUN_NO_NETWORK,push,6,0,6,0,0,0,0,0,0.000000,36,0.163832,2026-09-17
2026-09-24T02:58:28.046538+00:00,DRY_RUN_NO_NETWORK,push,6,0,6,0,0,0,0,0,0.000000,36,0.163832,2026-09-17
2026-09-24T03:06:20.956068+00:00,DRY_RUN_NO_NETWORK,push,6,0,6,0,0,0,0,0,0.000000,36,0.163832,2026-09-17
2026-09-24T03:12:00.933400+00:00,DRY_RUN_NO_NETWORK,push,6,0,6,0,0,0,0,0,0.000000,36,0.163832,2026-09-17
2026-09-24T03:19:40.340034+00:00,DRY_RUN_NO_NETWORK,push,6,0,6,0,0,0,0,0,0.000000,36,0.163832,2026-09-17
2026-09-24T09:28:38.208872+00:00,DRY_RUN_NO_NETWORK,schedule,6,0,6,0,0,0,0,0,0.000000,36,0.163832,2026-09-17
2026-09-24T16:19:51.797319+00:00,DRY_RUN_NO_NETWORK,push,6,0,6,0,0,0,0,0,0.000000,36,0.163832,2026-09-17
2026-09-24T23:30:51.766962+00:00,DRY_RUN_NO_NETWORK,push,6,0,6,0,0,0,0,0,0.000000,36,0.163832,2026-09-17
2026-09-25T09:46:31.591912+00:00,DRY_RUN_NO_NETWORK,schedule,6,0,6,0,0,0,0,0,0.000000,36,0.163832,2026-09-17
2026-09-25T18:31:29.003599+00:00,DRY_RUN_NO_NETWORK,push,6,0,6,0,0,0,0,0,0.000000,36,0.163832,2026-09-17
2026-09-26T02:10:22.333152+00:00,DRY_RUN_NO_NETWORK,push,219,219,0,0,219,0,1289903,98550,3.762406,1314,22.574436,2026-09-17
2026-09-26T09:24:35.194884+00:00,DRY_RUN_NO_NETWORK,schedule,219,216,3,0,216,0,1346368,97200,3.859136,1314,23.273616,2026-09-17
2026-09-26T19:15:53.893485+00:00,DRY_RUN_NO_NETWORK,schedule,193,189,4,0,189,0,1141747,85050,3.304094,1158,19.996368,2026-09-17
2026-09-27T10:11:43.713634+00:00,DRY_RUN_NO_NETWORK,schedule,112,112,0,0,112,0,619374,50400,1.843548,672,11.061288,2026-09-17
2026-09-28T11:12:53.949728+00:00,DRY_RUN_NO_NETWORK,schedule,123,117,6,0,117,0,94625,52650,0.821050,738,5.215680,2026-09-17
2026-09-29T22:49:29.712784+00:00,DRY_RUN_NO_NETWORK,push,176,174,2,0,174,0,883418,78300,2.706436,1056,16.321632,2026-09-17
2026-09-29T23:22:36.359023+00:00,DRY_RUN_NO_NETWORK,schedule,172,97,75,0,97,0,684318,43650,1.892436,1032,14.887632,2026-09-17
2026-09-30T06:54:57.499325+00:00,DRY_RUN_NO_NETWORK,schedule,173,170,3,0,170,0,894807,76500,2.707614,1038,16.366836,2026-09-17
2026-09-30T10:50:45.997075+00:00,DRY_RUN_NO_NETWORK,schedule,169,45,124,0,45,0,375186,20250,0.993372,1014,13.719912,2026-09-17
2026-09-30T18:42:02.953711+00:00,DRY_RUN_NO_NETWORK,schedule,203,202,1,0,202,0,1062536,90900,3.215872,1218,19.335888,2026-09-17
2026-09-30T21:10:59.389959+00:00,DRY_RUN_NO_NETWORK,schedule,196,164,32,0,164,0,947551,73800,2.780702,1176,18.495180,2026-09-17
2026-10-02T10:44:32.907598+00:00,DRY_RUN_NO_NETWORK,schedule,145,145,0,0,145,0,121013,65250,1.025026,870,6.150156,2026-09-17
2026-10-03T10:04:44.897872+00:00,DRY_RUN_NO_NETWORK,schedule,145,114,31,1,113,0,87529,51150,0.784786,870,6.086402,2026-09-17
2026-10-04T10:46:56.396768+00:00,DRY_RUN_NO_NETWORK,schedule,107,103,4,0,103,0,77536,46350,0.711272,642,4.441092,2026-09-17
2026-10-04T20:10:19.733248+00:00,DRY_RUN_NO_NETWORK,push,288,284,4,1,283,0,582774,127650,2.693291,1728,16.324997,2026-09-17
2026-10-04T22:24:42.832748+00:00,DRY_RUN_NO_NETWORK,schedule,287,165,122,0,165,0,404949,74250,1.700898,1722,15.464616,2026-09-17
