prediction_id,published_at_pt,sport,league,event_id,market_snapshot_id,market_class,selection,legz_confidence,jinx_input,lj_probability,lj_conviction,tier,model_version,status
NFL-DETBUF-GOFF-U2705,2026-09-16T17:47:00-07:00,Football,NFL,DET-BUF-20260917,NFL-20260916-PP-GOFF-PASS,PLAYER_PROP,Jared Goff Under 270.5 Passing Yards,64,5,69,69,NORMAL,LAE-v0.1+JCI-v0.1,active
NFL-DETBUF-GIBBS-TD,2026-09-16T17:47:00-07:00,Football,NFL,DET-BUF-20260917,NFL-20260916-DK-GIBBS-TD,PLAYER_PROP,Jahmyr Gibbs Anytime TD,66,-3,63,63,NORMAL,LAE-v0.1+JCI-v0.1,active
NFL-DETBUF-COOK-TD,2026-09-16T17:47:00-07:00,Football,NFL,DET-BUF-20260917,NFL-20260916-DK-COOK-TD,PLAYER_PROP,James Cook Anytime TD,63,3,66,66,NORMAL,LAE-v0.1+JCI-v0.1,active
NFL-DETBUF-JW-U595,2026-09-16T17:47:00-07:00,Football,NFL,DET-BUF-20260917,NFL-20260916-PP-JW-REC,PLAYER_PROP,Jameson Williams Under 59.5 Receiving Yards,56,0,56,56,AGGRESSIVE,LAE-v0.1+JCI-v0.1,watch
NCAA-FSU-BAMA-KROMAH-60,2026-09-16T17:47:00-07:00,Football,NCAA_Football,FSU-BAMA-20260919,NCAA-20260916-DK-KROMAH-RUSH,PLAYER_PROP,Ousmane Kromah 60+ Rushing Yards,55,0,55,55,AGGRESSIVE,LAE-v0.1-market-baseline,watch
NCAA-HOU-TTU-WEIGMAN-200,2026-09-16T17:47:00-07:00,Football,NCAA_Football,HOU-TTU-20260918,NCAA-20260916-DK-WEIGMAN-PASS,PLAYER_PROP,Conner Weigman 200+ Passing Yards,61,0,61,61,NORMAL,LAE-v0.1-market-baseline,active
NCAA-MIA-WF-TONEY-TD,2026-09-16T17:47:00-07:00,Football,NCAA_Football,MIA-WF-20260918,NCAA-20260916-DK-TONEY-TD,PLAYER_PROP,Malachi Toney Anytime TD,67,0,67,67,NORMAL,LAE-v0.1-market-baseline,active
NCAA-USC-RUT-MILLER-TD,2026-09-16T17:47:00-07:00,Football,NCAA_Football,USC-RUT-20260919,NCAA-20260916-DK-MILLER-TD,PLAYER_PROP,King Miller Anytime TD,68,0,68,68,NORMAL,LAE-v0.1-market-baseline,active
NCAA-UGA-ARK-FRAZIER-TD,2026-09-16T17:47:00-07:00,Football,NCAA_Football,UGA-ARK-20260919,NCAA-20260916-DK-FRAZIER-TD,PLAYER_PROP,Nate Frazier Anytime TD,70,0,70,70,NORMAL,LAE-v0.1-market-baseline,active
