context_id,retrieved_at,published_at,source,source_type,sport,league,player_id,player,team,event_id,headline,source_url,context_type,context_severity,player_status,lineup_confirmed,sharp_market_signal,evidence_status,raw_source_id
RW-RSS-b013a906ea2dcffb5aa2118c,2026-09-17T16:52:36.080136-07:00,2026-09-16T20:34:00-07:00,ROTOWIRE_RSS,PLAYER_NEWS,NFL,NFL,,Kaelon Black,,,Added to injury report,https://www.rotowire.com//football/player/kaelon-black-19607,INJURY_PRACTICE,LOW,,,,VERIFIED_SOURCE,nfl637782
RW-RSS-9b1d2c01fe50f91ab9ce4cf8,2026-09-17T16:52:36.080136-07:00,2026-09-16T20:28:00-07:00,ROTOWIRE_RSS,PLAYER_NEWS,NFL,NFL,,Brock Bowers,,,Sits out practice again,https://www.rotowire.com//football/player/brock-bowers-17693,INJURY_PRACTICE,LOW,,,,VERIFIED_SOURCE,nfl637781
RW-RSS-ad0c326647973e599558c896,2026-09-17T16:52:36.080136-07:00,2026-09-16T20:23:00-07:00,ROTOWIRE_RSS,PLAYER_NEWS,NFL,NFL,,George Kittle,,,Another limited showing,https://www.rotowire.com//football/player/george-kittle-11892,INJURY_PRACTICE,LOW,,,,VERIFIED_SOURCE,nfl637780
RW-RSS-bbe570db4ca79e17f6671f02,2026-09-17T16:52:36.080136-07:00,2026-09-16T20:18:00-07:00,ROTOWIRE_RSS,PLAYER_NEWS,NFL,NFL,,Ladd McConkey,,,Sits out again Thursday,https://www.rotowire.com//football/player/ladd-mcconkey-17724,INJURY_PRACTICE,LOW,,,,VERIFIED_SOURCE,nfl637778
RW-RSS-daa83720fb875866af87d91e,2026-09-17T16:52:36.080136-07:00,2026-09-16T20:11:00-07:00,ROTOWIRE_RSS,PLAYER_NEWS,NFL,NFL,,RJ Harvey,,,Officially limited Thursday,https://www.rotowire.com//football/player/rj-harvey-18522,INJURY_PRACTICE,LOW,,,,VERIFIED_SOURCE,nfl637777
RW-RSS-46361a2826b66469d842a85f,2026-09-17T16:52:36.080136-07:00,2026-09-16T21:05:00-07:00,ROTOWIRE_RSS,PLAYER_NEWS,MLB,MLB,,Kyle Finnegan,,,Hits 15-day IL,https://www.rotowire.com//baseball/player/kyle-finnegan-15866,INJURY_PRACTICE,LOW,,,,VERIFIED_SOURCE,mlb1026025
RW-RSS-897652fb2b0fc5cd73d24888,2026-09-17T16:52:36.080136-07:00,2026-09-16T20:25:00-07:00,ROTOWIRE_RSS,PLAYER_NEWS,MLB,MLB,,Devin Williams,,,Might be ready for activation,https://www.rotowire.com//baseball/player/devin-williams-13048,INJURY_PRACTICE,LOW,,,,VERIFIED_SOURCE,mlb1026023
RW-RSS-68f9c6bd6ea8f3f1ed50e2fc,2026-09-17T16:52:36.080136-07:00,2026-09-16T19:11:00-07:00,ROTOWIRE_RSS,PLAYER_NEWS,MLB,MLB,,Carlos Correa,,,Imaging reveals inflammation,https://www.rotowire.com//baseball/player/carlos-correa-12451,PLAYER_NEWS,LOW,,,,VERIFIED_SOURCE,mlb1026017
RW-RSS-0f18b95aed4e9d9b590b6fc8,2026-09-17T16:52:36.080136-07:00,2026-09-16T18:20:00-07:00,ROTOWIRE_RSS,PLAYER_NEWS,MLB,MLB,,Joc Pederson,,,Out of Texas lineup,https://www.rotowire.com//baseball/player/joc-pederson-11618,ROLE_LINEUP,LOW,,,,VERIFIED_SOURCE,mlb1026006
RW-RSS-4d0b009611c0a01d443057a0,2026-09-17T16:52:36.080136-07:00,2026-09-16T18:15:00-07:00,ROTOWIRE_RSS,PLAYER_NEWS,MLB,MLB,,Drew Rasmussen,,,Improves to 15-5,https://www.rotowire.com//baseball/player/drew-rasmussen-14877,PLAYER_NEWS,LOW,,,,VERIFIED_SOURCE,mlb1026004
RW-RSS-f7074b0b2e7b2bfc409affb3,2026-09-17T16:52:36.080136-07:00,2026-09-16T20:24:00-07:00,ROTOWIRE_RSS,PLAYER_NEWS,NBA,NBA,,Saddiq Bey,,,Inks three-year extension with Pelicans,https://www.rotowire.com//basketball/player/saddiq-bey-5182,PLAYER_NEWS,LOW,,,,VERIFIED_SOURCE,nba532620
RW-RSS-1e0d6cadc8c484de49152efe,2026-09-17T16:52:36.080136-07:00,2026-09-17T00:33:00-07:00,ROTOWIRE_RSS,PLAYER_NEWS,NBA,NBA,,Kawhi Leonard,,,Nearing contract extension,https://www.rotowire.com//basketball/player/kawhi-leonard-3195,PLAYER_NEWS,LOW,,,,VERIFIED_SOURCE,nba532618
RW-RSS-cf6bccbdd0a2b012a1518d83,2026-09-17T16:52:36.080136-07:00,2026-09-16T21:06:00-07:00,ROTOWIRE_RSS,PLAYER_NEWS,NHL,NHL,,Seth Jarvis,,,Ahead of schedule in recovery,https://www.rotowire.com//hockey/player/seth-jarvis-6202,INJURY_PRACTICE,LOW,,,,VERIFIED_SOURCE,nhl593277
RW-RSS-0e217125c01548ccbb36c41f,2026-09-17T16:52:36.080136-07:00,2026-09-16T20:38:00-07:00,ROTOWIRE_RSS,PLAYER_NEWS,NHL,NHL,,Jake Sanderson,,,Good to go,https://www.rotowire.com//hockey/player/jake-sanderson-6207,PLAYER_NEWS,LOW,,,,VERIFIED_SOURCE,nhl593274
RW-RSS-0bd3f55c477dec79b58ad925,2026-09-17T16:52:36.080136-07:00,2026-09-16T20:27:00-07:00,ROTOWIRE_RSS,PLAYER_NEWS,NHL,NHL,,Seth Jones,,,Practices to open camp,https://www.rotowire.com//hockey/player/seth-jones-4074,INJURY_PRACTICE,LOW,,,,VERIFIED_SOURCE,nhl593272
RW-RSS-873e9a8af848ad95787eacd1,2026-09-17T16:52:36.080136-07:00,2026-09-16T20:21:00-07:00,ROTOWIRE_RSS,PLAYER_NEWS,NHL,NHL,,Carter Verhaeghe,,,Good for training camp,https://www.rotowire.com//hockey/player/carter-verhaeghe-4230,PLAYER_NEWS,LOW,,,,VERIFIED_SOURCE,nhl593271
RW-RSS-57f484ec82d96eb3c9e05fea,2026-09-17T16:52:36.080136-07:00,2026-09-16T20:13:00-07:00,ROTOWIRE_RSS,PLAYER_NEWS,NHL,NHL,,Sam Bennett,,,Good to go for camp,https://www.rotowire.com//hockey/player/sam-bennett-4384,PLAYER_NEWS,LOW,,,,VERIFIED_SOURCE,nhl593268
RW-RSS-05c77c0788fdea7841431ad3,2026-09-17T16:52:36.080136-07:00,2026-09-16T21:22:00-07:00,ROTOWIRE_RSS,PLAYER_NEWS,NCAA_Football,NCAA_Football,,Will Hammond,,,Likely to cede snaps Friday,https://www.rotowire.com//cfootball/player/will-hammond-46849,PLAYER_NEWS,LOW,,,,VERIFIED_SOURCE,cfb230538
RW-RSS-ce25db7ce8e853387930b7f0,2026-09-17T16:52:36.080136-07:00,2026-09-16T21:21:00-07:00,ROTOWIRE_RSS,PLAYER_NEWS,NCAA_Football,NCAA_Football,,Tommy Castellanos,,,To see additional reps at QB,https://www.rotowire.com//cfootball/player/tommy-castellanos-39948,PLAYER_NEWS,LOW,,,,VERIFIED_SOURCE,cfb230537
RW-RSS-6c3261bf5caeb2dd54ec0058,2026-09-17T16:52:36.080136-07:00,2026-09-16T21:02:00-07:00,ROTOWIRE_RSS,PLAYER_NEWS,NCAA_Football,NCAA_Football,,Ja'Kyrian Turner,,,"Dressed for warmups, could be decoy",https://www.rotowire.com//cfootball/player/jakyrian-turner-49199,PLAYER_NEWS,LOW,,,,VERIFIED_SOURCE,cfb230534
RW-RSS-12e4f294668383bf3c807167,2026-09-17T16:52:36.080136-07:00,2026-09-16T21:00:00-07:00,ROTOWIRE_RSS,PLAYER_NEWS,NCAA_Football,NCAA_Football,,Rico Flores,,,Could return Saturday,https://www.rotowire.com//cfootball/player/rico-flores-41764,PLAYER_NEWS,LOW,,,,VERIFIED_SOURCE,cfb230532
RW-RSS-73705530fd95be8c5cd9e0a8,2026-09-17T16:52:36.080136-07:00,2026-09-16T20:38:00-07:00,ROTOWIRE_RSS,PLAYER_NEWS,NCAA_Football,NCAA_Football,,Eddie Freauff,,,Questionable vs. Grizzlies,https://www.rotowire.com//cfootball/player/eddie-freauff-46547,INJURY_PRACTICE,HIGH,QUESTIONABLE,,,VERIFIED_SOURCE,cfb230526
RW-RSS-b70b59202fbde2befdbd1738,2026-09-17T16:52:36.080136-07:00,2026-09-17T02:48:00-07:00,ROTOWIRE_RSS,PLAYER_NEWS,NCAA_Basketball,NCAA_Basketball,,Derrian Ford,,,Returning to Temple,https://www.rotowire.com//cbasketball/player/derrian-ford-25953,PLAYER_NEWS,LOW,,,,VERIFIED_SOURCE,cbb163475
RW-RSS-7395ae28971eec60faf94d56,2026-09-17T17:30:10.821763-07:00,2026-09-16T22:21:00-07:00,ROTOWIRE_RSS,PLAYER_NEWS,MLB,MLB,,Michael King,,,Six strong innings in 12th win,https://www.rotowire.com//baseball/player/michael-king-15255,PLAYER_NEWS,LOW,,,,VERIFIED_SOURCE,mlb1026027
RW-RSS-a50837305fd65750ed6832b9,2026-09-17T17:30:10.821763-07:00,2026-09-16T22:18:00-07:00,ROTOWIRE_RSS,PLAYER_NEWS,NCAA_Football,NCAA_Football,,Trey'Dez Green,,,Sheds injury report,https://www.rotowire.com//cfootball/player/treydez-green-46190,INJURY_PRACTICE,LOW,,,,VERIFIED_SOURCE,cfb230546
RW-RSS-75cdb3792b6c2b331ad63a41,2026-09-17T17:30:10.821763-07:00,2026-09-16T22:17:00-07:00,ROTOWIRE_RSS,PLAYER_NEWS,NCAA_Football,NCAA_Football,,Sam Leavitt,,,Upgraded to questionable,https://www.rotowire.com//cfootball/player/sam-leavitt-44038,INJURY_PRACTICE,HIGH,QUESTIONABLE,,,VERIFIED_SOURCE,cfb230545
RW-RSS-41829d0779ea4496d34322af,2026-09-17T18:30:58.998268-07:00,2026-09-16T23:13:00-07:00,ROTOWIRE_RSS,PLAYER_NEWS,MLB,MLB,,Jared Young,,,Carted off Thursday,https://www.rotowire.com//baseball/player/jared-young-15950,PLAYER_NEWS,LOW,,,,VERIFIED_SOURCE,mlb1026028
RW-RSS-7b98751a3af4a9cda8fb3a20,2026-09-17T18:43:25.968491-07:00,2026-09-16T23:33:00-07:00,ROTOWIRE_RSS,PLAYER_NEWS,NFL,NFL,,DJ Moore,,,Questionable to return Thursday,https://www.rotowire.com//football/player/dj-moore-12477,INJURY_PRACTICE,HIGH,QUESTIONABLE,,,VERIFIED_SOURCE,nfl637834
RW-RSS-a31378e2dad5dc746768c10d,2026-09-17T18:43:25.968491-07:00,2026-09-16T23:29:00-07:00,ROTOWIRE_RSS,PLAYER_NEWS,NFL,NFL,,DJ Moore,,,Exits with apparent injury,https://www.rotowire.com//football/player/dj-moore-12477,INJURY_PRACTICE,LOW,,,,VERIFIED_SOURCE,nfl637832
RW-RSS-4a04dbdfa7e2a8b0e55a69a6,2026-09-17T19:16:51.063645-07:00,2026-09-17T00:13:00-07:00,ROTOWIRE_RSS,PLAYER_NEWS,NFL,NFL,,DJ Moore,,,Will not return Thursday,https://www.rotowire.com//football/player/dj-moore-12477,PLAYER_NEWS,CRITICAL,OUT,,,VERIFIED_SOURCE,nfl637841
RW-RSS-440e13eadf6c2f7a72521418,2026-09-17T19:16:51.063645-07:00,2026-09-16T23:49:00-07:00,ROTOWIRE_RSS,PLAYER_NEWS,MLB,MLB,,Jonathan Bowlan,,,Dealing with groin issue,https://www.rotowire.com//baseball/player/jonathan-bowlan-15503,PLAYER_NEWS,LOW,,,,VERIFIED_SOURCE,mlb1026030
RW-RSS-15f40e8b500f680bc67cf3ae,2026-09-17T19:16:51.063645-07:00,2026-09-16T23:44:00-07:00,ROTOWIRE_RSS,PLAYER_NEWS,MLB,MLB,,Jonathan Bowlan,,,Exits appearance early with injury,https://www.rotowire.com//baseball/player/jonathan-bowlan-15503,INJURY_PRACTICE,LOW,,,,VERIFIED_SOURCE,mlb1026029
